bucket,n,RMSE,MAE
low tail (<= 5%),113,3.6077846631281445,2.9753163894953487
middle,2024,4.0079093693629355,3.182096204514121
high tail (>= 95%),113,4.027655373911905,3.379758586580377
