bucket,n,RMSE,MAE
low tail (<= 5%),113,4.204299968215939,3.4392921058019654
middle,2024,3.9766306489199583,3.1648443852492862
high tail (>= 95%),113,4.004411297847227,3.224788907371319
