bucket,n,RMSE,MAE
low tail (<= 5%),540,4.0005869624281045,3.0826636818716007
middle,9720,4.031169343506757,3.214783639361899
high tail (>= 95%),540,3.9883922268618712,3.173662525806889
