{
  "poor_share": -1.475334517004714,
  "share_black": 0.0,
  "share_hisp": -0.0,
  "share_asian": 0.0,
  "share_white": -0.0,
  "hhinc_mean": -0.0002678051423331493,
  "mean_commutetime": -0.0,
  "frac_coll_plus": 1.4340147605651803,
  "foreign_share": 0.00015947265460861365,
  "med_hhinc": -0.0,
  "popdensity": 0.0,
  "rent_twobed": 0.0,
  "singleparent_share": -0.06287641451710071,
  "traveltime15_share": 0.0,
  "emp_rate": 0.0,
  "job_density": 0.0,
  "gsmn_math_pcst": 0.9952165369718001,
  "nonwhite_share2010": 0.0,
  "log_med_hhinc": -0.0,
  "log_popdensity": 0.0,
  "inequality_index": -0.011843177617244552,
  "concentrated_disadvantage": -2.1639391845089584,
  "poor_x_black": -0.031090719650069057,
  "poor_x_hisp": -0.017843154296522928,
  "school_x_poverty": -0.0
}